,uri,count,name,release_date,popularity,explicit,danceability,energy,key,loudness,mode,speechiness,acousticness,instrumentalness,liveness,valence,tempo,type,id,track_href,analysis_url,duration_ms,time_signature
0,spotify:track:6v3KW9xbzN5yKLt9YKDYA2,1,Se√±orita,2019-06-19,84,False,0.759,0.548,9,-6.049,0,0.029,0.0392,0.0,0.0828,0.749,116.967,audio_features,6v3KW9xbzN5yKLt9YKDYA2,https://api.spotify.com/v1/tracks/6v3KW9xbzN5yKLt9YKDYA2,https://api.spotify.com/v1/audio-analysis/6v3KW9xbzN5yKLt9YKDYA2,190800,4
1,spotify:track:2Fxmhks0bxGSBdJ92vM42m,1,bad guy,2019-03-29,92,False,0.701,0.425,7,-10.965,1,0.375,0.328,0.13,0.1,0.562,135.128,audio_features,2Fxmhks0bxGSBdJ92vM42m,https://api.spotify.com/v1/tracks/2Fxmhks0bxGSBdJ92vM42m,https://api.spotify.com/v1/audio-analysis/2Fxmhks0bxGSBdJ92vM42m,194088,4
2,spotify:track:0RiRZpuVRbi7oqRdSMwhQY,1,Sunflower - Spider-Man: Into the Spider-Verse,2019-09-06,84,False,0.755,0.522,2,-4.368,1,0.0575,0.533,0.0,0.0685,0.925,89.96,audio_features,0RiRZpuVRbi7oqRdSMwhQY,https://api.spotify.com/v1/tracks/0RiRZpuVRbi7oqRdSMwhQY,https://api.spotify.com/v1/audio-analysis/0RiRZpuVRbi7oqRdSMwhQY,157560,4
3,spotify:track:6ocbgoVGwYJhOv1GgI9NsF,1,7 rings,2019-02-08,87,True,0.778,0.317,1,-10.732,0,0.334,0.592,0.0,0.0881,0.327,140.048,audio_features,6ocbgoVGwYJhOv1GgI9NsF,https://api.spotify.com/v1/tracks/6ocbgoVGwYJhOv1GgI9NsF,https://api.spotify.com/v1/audio-analysis/6ocbgoVGwYJhOv1GgI9NsF,178627,4
4,spotify:track:2YpeDb67231RjR0MgVLzsG,1,Old Town Road - Remix,2019-06-21,86,False,0.878,0.619,6,-5.56,1,0.102,0.0533,0.0,0.113,0.639,136.041,audio_features,2YpeDb67231RjR0MgVLzsG,https://api.spotify.com/v1/tracks/2YpeDb67231RjR0MgVLzsG,https://api.spotify.com/v1/audio-analysis/2YpeDb67231RjR0MgVLzsG,157067,4
5,spotify:track:0hVXuCcriWRGvwMV1r5Yn9,1,I Don't Care (with Justin Bieber),2019-07-12,81,False,0.798,0.675,6,-5.041,1,0.0442,0.0912,0.0,0.0894,0.842,101.956,audio_features,0hVXuCcriWRGvwMV1r5Yn9,https://api.spotify.com/v1/tracks/0hVXuCcriWRGvwMV1r5Yn9,https://api.spotify.com/v1/audio-analysis/0hVXuCcriWRGvwMV1r5Yn9,219947,4
6,spotify:track:7xQAfvXzm3AkraOtGPWIZg,1,Wow.,2019-09-06,86,True,0.829,0.539,11,-7.359,0,0.208,0.136,1.78e-06,0.103,0.388,99.96,audio_features,7xQAfvXzm3AkraOtGPWIZg,https://api.spotify.com/v1/tracks/7xQAfvXzm3AkraOtGPWIZg,https://api.spotify.com/v1/audio-analysis/7xQAfvXzm3AkraOtGPWIZg,149547,4
7,spotify:track:7qEHsqek33rTcFNT9PFqLf,1,Someone You Loved,2019-05-17,92,False,0.501,0.405,1,-5.679,1,0.0319,0.751,0.0,0.105,0.446,109.891,audio_features,7qEHsqek33rTcFNT9PFqLf,https://api.spotify.com/v1/tracks/7qEHsqek33rTcFNT9PFqLf,https://api.spotify.com/v1/audio-analysis/7qEHsqek33rTcFNT9PFqLf,182161,4
8,spotify:track:5w9c2J52mkdntKOmRLeM2m,1,Con Calma,2019-01-24,83,False,0.737,0.86,8,-2.652,0,0.0593,0.11,1.94e-06,0.0574,0.656,93.989,audio_features,5w9c2J52mkdntKOmRLeM2m,https://api.spotify.com/v1/tracks/5w9c2J52mkdntKOmRLeM2m,https://api.spotify.com/v1/audio-analysis/5w9c2J52mkdntKOmRLeM2m,193227,4
9,spotify:track:2VxeLyX666F8uXCJ0dZF8B,1,Shallow,2018-10-05,86,False,0.572,0.385,7,-6.362,1,0.0308,0.371,0.0,0.231,0.323,95.799,audio_features,2VxeLyX666F8uXCJ0dZF8B,https://api.spotify.com/v1/tracks/2VxeLyX666F8uXCJ0dZF8B,https://api.spotify.com/v1/audio-analysis/2VxeLyX666F8uXCJ0dZF8B,215733,4
10,spotify:track:2dpaYNEQHiRxtZbfNsse99,1,Happier,2018-08-17,87,False,0.687,0.792,5,-2.749,1,0.0452,0.191,0.0,0.167,0.671,100.015,audio_features,2dpaYNEQHiRxtZbfNsse99,https://api.spotify.com/v1/tracks/2dpaYNEQHiRxtZbfNsse99,https://api.spotify.com/v1/audio-analysis/2dpaYNEQHiRxtZbfNsse99,214290,4
11,spotify:track:5p7ujcrUXASCNwRaWNHR1C,1,Without Me,2018-10-04,84,True,0.752,0.488,6,-7.05,1,0.0705,0.297,9.11e-06,0.0936,0.533,136.041,audio_features,5p7ujcrUXASCNwRaWNHR1C,https://api.spotify.com/v1/tracks/5p7ujcrUXASCNwRaWNHR1C,https://api.spotify.com/v1/audio-analysis/5p7ujcrUXASCNwRaWNHR1C,201661,4
12,spotify:track:5iwz1NiezX7WWjnCgY5TH4,1,Calma - Remix,2018-10-05,83,False,0.826,0.773,11,-4.218,0,0.0524,0.323,0.0,0.143,0.761,126.899,audio_features,5iwz1NiezX7WWjnCgY5TH4,https://api.spotify.com/v1/tracks/5iwz1NiezX7WWjnCgY5TH4,https://api.spotify.com/v1/audio-analysis/5iwz1NiezX7WWjnCgY5TH4,238200,4
13,spotify:track:3e9HZxeyfWwjeyPAMmWSSQ,1,"thank u, next",2019-02-08,85,True,0.717,0.653,1,-5.634,1,0.0658,0.229,0.0,0.101,0.412,106.966,audio_features,3e9HZxeyfWwjeyPAMmWSSQ,https://api.spotify.com/v1/tracks/3e9HZxeyfWwjeyPAMmWSSQ,https://api.spotify.com/v1/audio-analysis/3e9HZxeyfWwjeyPAMmWSSQ,207320,4
14,spotify:track:22vgEDb5hykfaTwLuskFGD,1,Sucker,2019-06-07,86,False,0.842,0.734,1,-5.065,0,0.0588,0.0427,0.0,0.106,0.952,137.958,audio_features,22vgEDb5hykfaTwLuskFGD,https://api.spotify.com/v1/tracks/22vgEDb5hykfaTwLuskFGD,https://api.spotify.com/v1/audio-analysis/22vgEDb5hykfaTwLuskFGD,181027,4
15,spotify:track:25sgk305KZfyuqVBQIahim,1,Sweet but Psycho,2018-08-17,85,False,0.719,0.704,1,-4.724,1,0.0476,0.0691,0.0,0.166,0.628,133.002,audio_features,25sgk305KZfyuqVBQIahim,https://api.spotify.com/v1/tracks/25sgk305KZfyuqVBQIahim,https://api.spotify.com/v1/audio-analysis/25sgk305KZfyuqVBQIahim,187436,4
16,spotify:track:6Qs4SXO9dwPj5GKvVOv8Ki,1,Dancing With A Stranger (with Normani),2019-01-11,85,False,0.741,0.52,8,-7.513,1,0.0656,0.45,1.97e-06,0.222,0.347,102.998,audio_features,6Qs4SXO9dwPj5GKvVOv8Ki,https://api.spotify.com/v1/tracks/6Qs4SXO9dwPj5GKvVOv8Ki,https://api.spotify.com/v1/audio-analysis/6Qs4SXO9dwPj5GKvVOv8Ki,171030,4
17,spotify:track:4SSnFejRGlZikf02HLewEF,1,bury a friend,2019-03-29,84,False,0.905,0.389,8,-14.505,1,0.332,0.74,0.162,0.106,0.196,120.046,audio_features,4SSnFejRGlZikf02HLewEF,https://api.spotify.com/v1/tracks/4SSnFejRGlZikf02HLewEF,https://api.spotify.com/v1/audio-analysis/4SSnFejRGlZikf02HLewEF,193143,4
18,spotify:track:0F7FA14euOIX8KcbEturGH,1,Old Town Road,2019-06-21,82,False,0.907,0.53,1,-6.112,1,0.127,0.0578,2.23e-06,0.101,0.507,135.998,audio_features,0F7FA14euOIX8KcbEturGH,https://api.spotify.com/v1/tracks/0F7FA14euOIX8KcbEturGH,https://api.spotify.com/v1/audio-analysis/0F7FA14euOIX8KcbEturGH,113000,4
19,spotify:track:6TqXcAFInzjp0bODyvrWEq,1,Talk (feat. Disclosure),2019-04-05,79,False,0.901,0.4,0,-8.575,1,0.126,0.051,0.0,0.0599,0.346,135.984,audio_features,6TqXcAFInzjp0bODyvrWEq,https://api.spotify.com/v1/tracks/6TqXcAFInzjp0bODyvrWEq,https://api.spotify.com/v1/audio-analysis/6TqXcAFInzjp0bODyvrWEq,197573,4
20,spotify:track:43zdsphuZLzwA9k4DJhU0I,1,when the party's over,2019-03-29,88,False,0.367,0.111,4,-14.084,1,0.0972,0.978,3.97e-05,0.0897,0.198,82.642,audio_features,43zdsphuZLzwA9k4DJhU0I,https://api.spotify.com/v1/tracks/43zdsphuZLzwA9k4DJhU0I,https://api.spotify.com/v1/audio-analysis/43zdsphuZLzwA9k4DJhU0I,196077,4
21,spotify:track:70eFcWOvlMObDhURTqT4Fv,1,Beautiful People (feat. Khalid),2019-07-12,80,False,0.64,0.648,5,-8.113,0,0.187,0.124,0.0,0.0802,0.548,92.977,audio_features,70eFcWOvlMObDhURTqT4Fv,https://api.spotify.com/v1/tracks/70eFcWOvlMObDhURTqT4Fv,https://api.spotify.com/v1/audio-analysis/70eFcWOvlMObDhURTqT4Fv,197867,4
22,spotify:track:1rgnBhdG2JDFTbYkYRZAku,1,Dance Monkey,2019-05-10,73,False,0.825,0.593,6,-6.401,0,0.0988,0.688,0.000161,0.17,0.54,98.078,audio_features,1rgnBhdG2JDFTbYkYRZAku,https://api.spotify.com/v1/tracks/1rgnBhdG2JDFTbYkYRZAku,https://api.spotify.com/v1/audio-analysis/1rgnBhdG2JDFTbYkYRZAku,209755,4
23,spotify:track:4kV4N9D1iKVxx1KLvtTpjS,1,"break up with your girlfriend, i'm bored",2019-02-08,81,True,0.726,0.554,5,-5.29,0,0.0917,0.0421,0.0,0.106,0.335,169.999,audio_features,4kV4N9D1iKVxx1KLvtTpjS,https://api.spotify.com/v1/tracks/4kV4N9D1iKVxx1KLvtTpjS,https://api.spotify.com/v1/audio-analysis/4kV4N9D1iKVxx1KLvtTpjS,190440,4
24,spotify:track:2JvzF1RMd7lE3KmFlsyZD8,1,MIDDLE CHILD,2019-01-23,83,True,0.837,0.364,8,-11.713,1,0.276,0.149,0.0,0.271,0.463,123.984,audio_features,2JvzF1RMd7lE3KmFlsyZD8,https://api.spotify.com/v1/tracks/2JvzF1RMd7lE3KmFlsyZD8,https://api.spotify.com/v1/audio-analysis/2JvzF1RMd7lE3KmFlsyZD8,213594,4
25,spotify:track:6vBdBCoOhKHiYDDOcorfNo,1,Goodbyes (Feat. Young Thug),2019-07-05,22,True,0.58,0.653,5,-3.818,1,0.0745,0.447,0.0,0.111,0.175,150.231,audio_features,6vBdBCoOhKHiYDDOcorfNo,https://api.spotify.com/v1/tracks/6vBdBCoOhKHiYDDOcorfNo,https://api.spotify.com/v1/audio-analysis/6vBdBCoOhKHiYDDOcorfNo,174960,4
26,spotify:track:1rqqCSm0Qe4I9rUvWncaom,1,High Hopes,2018-06-22,85,False,0.579,0.904,5,-2.729,1,0.0618,0.193,0.0,0.064,0.681,82.014,audio_features,1rqqCSm0Qe4I9rUvWncaom,https://api.spotify.com/v1/tracks/1rqqCSm0Qe4I9rUvWncaom,https://api.spotify.com/v1/audio-analysis/1rqqCSm0Qe4I9rUvWncaom,190947,4
27,spotify:track:0KoiMHhqKLoL4xM54rcWYY,1,"Taki Taki (feat. Selena Gomez, Ozuna & Cardi B)",2019-07-25,73,True,0.842,0.801,8,-4.167,0,0.228,0.157,4.82e-06,0.0642,0.617,95.881,audio_features,0KoiMHhqKLoL4xM54rcWYY,https://api.spotify.com/v1/tracks/0KoiMHhqKLoL4xM54rcWYY,https://api.spotify.com/v1/audio-analysis/0KoiMHhqKLoL4xM54rcWYY,212500,4
28,spotify:track:1lOe9qE0vR9zwWQAOk6CoO,1,Ransom,2019-08-30,87,True,0.745,0.642,7,-6.257,0,0.287,0.0204,0.0,0.0658,0.226,179.974,audio_features,1lOe9qE0vR9zwWQAOk6CoO,https://api.spotify.com/v1/tracks/1lOe9qE0vR9zwWQAOk6CoO,https://api.spotify.com/v1/audio-analysis/1lOe9qE0vR9zwWQAOk6CoO,131240,4
29,spotify:track:0u2P5u6lvoDfwTYjAADbn4,1,lovely (with Khalid),2018-04-19,90,False,0.351,0.296,4,-10.109,0,0.0333,0.934,0.0,0.095,0.12,115.284,audio_features,0u2P5u6lvoDfwTYjAADbn4,https://api.spotify.com/v1/tracks/0u2P5u6lvoDfwTYjAADbn4,https://api.spotify.com/v1/audio-analysis/0u2P5u6lvoDfwTYjAADbn4,200186,4
30,spotify:track:2xLMifQCjDGFmkHkpNLD9h,1,SICKO MODE,2018-08-03,93,True,0.834,0.73,8,-3.714,1,0.222,0.00513,0.0,0.124,0.446,155.008,audio_features,2xLMifQCjDGFmkHkpNLD9h,https://api.spotify.com/v1/tracks/2xLMifQCjDGFmkHkpNLD9h,https://api.spotify.com/v1/audio-analysis/2xLMifQCjDGFmkHkpNLD9h,312820,4
31,spotify:track:2IRZnDFmlqMuOrYOLnZZyc,1,Going Bad (feat. Drake),2018-11-30,83,True,0.889,0.496,4,-6.365,0,0.0905,0.259,0.0,0.252,0.544,86.003,audio_features,2IRZnDFmlqMuOrYOLnZZyc,https://api.spotify.com/v1/tracks/2IRZnDFmlqMuOrYOLnZZyc,https://api.spotify.com/v1/audio-analysis/2IRZnDFmlqMuOrYOLnZZyc,180522,4
32,spotify:track:5WHTFyqSii0lmT9R21abT8,1,Don't Call Me Up,2019-01-18,83,False,0.674,0.881,9,-2.853,1,0.147,0.296,3.01e-06,0.0793,0.234,98.994,audio_features,5WHTFyqSii0lmT9R21abT8,https://api.spotify.com/v1/tracks/5WHTFyqSii0lmT9R21abT8,https://api.spotify.com/v1/audio-analysis/5WHTFyqSii0lmT9R21abT8,178480,4
33,spotify:track:2TH65lNHgvLxCKXM3apjxI,1,Callaita,2019-05-31,86,True,0.61,0.624,2,-4.773,1,0.309,0.6,2.12e-06,0.243,0.244,176.169,audio_features,2TH65lNHgvLxCKXM3apjxI,https://api.spotify.com/v1/tracks/2TH65lNHgvLxCKXM3apjxI,https://api.spotify.com/v1/audio-analysis/2TH65lNHgvLxCKXM3apjxI,250534,4
34,spotify:track:116H0KvKr2Zl4RPuVBruDO,1,MIA (feat. Drake),2018-10-11,80,False,0.817,0.539,6,-6.349,0,0.0621,0.0141,0.000496,0.099,0.158,97.062,audio_features,116H0KvKr2Zl4RPuVBruDO,https://api.spotify.com/v1/tracks/116H0KvKr2Zl4RPuVBruDO,https://api.spotify.com/v1/audio-analysis/116H0KvKr2Zl4RPuVBruDO,210368,4
35,spotify:track:5qmq61DAAOUaW8AUo8xKhh,1,Truth Hurts,2019-05-03,75,True,0.715,0.624,4,-3.046,0,0.114,0.11,0.0,0.123,0.412,158.087,audio_features,5qmq61DAAOUaW8AUo8xKhh,https://api.spotify.com/v1/tracks/5qmq61DAAOUaW8AUo8xKhh,https://api.spotify.com/v1/audio-analysis/5qmq61DAAOUaW8AUo8xKhh,173325,4
36,spotify:track:7FGq80cy8juXBCD2nrqdWU,1,Eastside (with Halsey & Khalid),2018-12-07,77,False,0.632,0.686,6,-7.665,0,0.243,0.549,0.0,0.2,0.329,89.949,audio_features,7FGq80cy8juXBCD2nrqdWU,https://api.spotify.com/v1/tracks/7FGq80cy8juXBCD2nrqdWU,https://api.spotify.com/v1/audio-analysis/7FGq80cy8juXBCD2nrqdWU,170770,4
37,spotify:track:4u7EnebtmKWzUH433cf5Qv,1,Bohemian Rhapsody - 2011 Mix,1975-11-21,83,False,0.414,0.404,0,-9.928,0,0.0499,0.271,0.0,0.3,0.224,71.105,audio_features,4u7EnebtmKWzUH433cf5Qv,https://api.spotify.com/v1/tracks/4u7EnebtmKWzUH433cf5Qv,https://api.spotify.com/v1/audio-analysis/4u7EnebtmKWzUH433cf5Qv,354320,4
38,spotify:track:5W83ErFkO3aKAIS1WMi6u0,1,Secreto,2019-01-15,78,False,0.807,0.803,11,-4.156,1,0.126,0.602,0.00853,0.136,0.706,91.987,audio_features,5W83ErFkO3aKAIS1WMi6u0,https://api.spotify.com/v1/tracks/5W83ErFkO3aKAIS1WMi6u0,https://api.spotify.com/v1/audio-analysis/5W83ErFkO3aKAIS1WMi6u0,258800,4
39,spotify:track:2ksOAxtIxY8yElEWw8RhgK,1,China,2019-07-19,87,False,0.786,0.808,7,-3.702,1,0.0882,0.0846,0.000289,0.0822,0.609,105.027,audio_features,2ksOAxtIxY8yElEWw8RhgK,https://api.spotify.com/v1/tracks/2ksOAxtIxY8yElEWw8RhgK,https://api.spotify.com/v1/audio-analysis/2ksOAxtIxY8yElEWw8RhgK,301714,4
40,spotify:track:2bT1PH7Cw3J9p3t7nlXCdh,1,If I Can't Have You,2019-06-19,77,False,0.691,0.823,2,-4.197,1,0.0623,0.487,0.0,0.134,0.87,123.935,audio_features,2bT1PH7Cw3J9p3t7nlXCdh,https://api.spotify.com/v1/tracks/2bT1PH7Cw3J9p3t7nlXCdh,https://api.spotify.com/v1/audio-analysis/2bT1PH7Cw3J9p3t7nlXCdh,191467,4
41,spotify:track:1Ej96GIBCTvgH7tNX1r3qr,1,Otro Trago,2019-04-19,80,True,0.747,0.7,0,-4.669,1,0.341,0.136,0.000167,0.11,0.62,176.036,audio_features,1Ej96GIBCTvgH7tNX1r3qr,https://api.spotify.com/v1/tracks/1Ej96GIBCTvgH7tNX1r3qr,https://api.spotify.com/v1/audio-analysis/1Ej96GIBCTvgH7tNX1r3qr,225933,4
42,spotify:track:7COXchtUOMd6uIT6HvmRaI,1,i'm so tired...,2019-01-24,59,False,0.599,0.733,11,-7.058,1,0.203,0.176,0.0,0.242,0.534,102.211,audio_features,7COXchtUOMd6uIT6HvmRaI,https://api.spotify.com/v1/tracks/7COXchtUOMd6uIT6HvmRaI,https://api.spotify.com/v1/audio-analysis/7COXchtUOMd6uIT6HvmRaI,162583,4
43,spotify:track:1DFD5Fotzgn6yYXkYsKiGs,1,Piece Of Your Heart,2019-02-01,85,False,0.677,0.744,10,-6.806,0,0.0295,0.0404,0.00016,0.074,0.631,124.08,audio_features,1DFD5Fotzgn6yYXkYsKiGs,https://api.spotify.com/v1/tracks/1DFD5Fotzgn6yYXkYsKiGs,https://api.spotify.com/v1/audio-analysis/1DFD5Fotzgn6yYXkYsKiGs,152913,4
44,spotify:track:2x0RZdkZcD8QRI53XT4GI5,1,SOS (feat. Aloe Blacc),2019-06-06,80,False,0.802,0.645,5,-6.181,0,0.0715,0.272,0.0,0.119,0.376,100.001,audio_features,2x0RZdkZcD8QRI53XT4GI5,https://api.spotify.com/v1/tracks/2x0RZdkZcD8QRI53XT4GI5,https://api.spotify.com/v1/audio-analysis/2x0RZdkZcD8QRI53XT4GI5,157202,4
45,spotify:track:7dt6x5M1jzdTEt8oCbisTK,1,Better Now,2018-04-27,85,True,0.68,0.578,10,-5.804,1,0.04,0.331,0.0,0.135,0.341,145.038,audio_features,7dt6x5M1jzdTEt8oCbisTK,https://api.spotify.com/v1/tracks/7dt6x5M1jzdTEt8oCbisTK,https://api.spotify.com/v1/audio-analysis/7dt6x5M1jzdTEt8oCbisTK,231267,4
46,spotify:track:4t9a07PAghtQMRAIP9FQ7Z,1,Soltera - Remix,2019-10-25,74,False,0.795,0.783,5,-4.271,1,0.0432,0.361,0.0,0.437,0.8,92.016,audio_features,4t9a07PAghtQMRAIP9FQ7Z,https://api.spotify.com/v1/tracks/4t9a07PAghtQMRAIP9FQ7Z,https://api.spotify.com/v1/audio-analysis/4t9a07PAghtQMRAIP9FQ7Z,266087,4
47,spotify:track:132ALUzVLmqYB4UsBj5qD6,1,Adan y Eva,2019-05-23,72,False,0.767,0.709,1,-4.47,1,0.336,0.323,0.0,0.0745,0.72,171.993,audio_features,132ALUzVLmqYB4UsBj5qD6,https://api.spotify.com/v1/tracks/132ALUzVLmqYB4UsBj5qD6,https://api.spotify.com/v1/audio-analysis/132ALUzVLmqYB4UsBj5qD6,256972,4
48,spotify:track:2qxmye6gAegTMjLKEBoR3d,1,Let Me Down Slowly,2018-11-16,85,False,0.652,0.557,1,-5.714,0,0.0318,0.74,0.0,0.124,0.483,150.073,audio_features,2qxmye6gAegTMjLKEBoR3d,https://api.spotify.com/v1/tracks/2qxmye6gAegTMjLKEBoR3d,https://api.spotify.com/v1/audio-analysis/2qxmye6gAegTMjLKEBoR3d,169354,4
49,spotify:track:0e7ipj03S05BNilyu5bRzt,1,rockstar (feat. 21 Savage),2018-04-27,87,True,0.585,0.52,5,-6.136,0,0.0712,0.124,7.01e-05,0.131,0.129,159.801,audio_features,0e7ipj03S05BNilyu5bRzt,https://api.spotify.com/v1/tracks/0e7ipj03S05BNilyu5bRzt,https://api.spotify.com/v1/audio-analysis/0e7ipj03S05BNilyu5bRzt,218147,4
